dataset,split,num_samples,mean,median,std,min,max,95th_percentile,99th_percentile
ag_news,train,108000,37.852472222222225,37.0,10.109927482575337,4,171,53.0,70.0
ag_news,val,12000,37.773916666666665,37.0,9.894912985623247,8,177,52.0,70.0
ag_news,test,7600,37.72105263157895,37.0,10.128767210660744,11,137,52.0,69.0
imdb,train,35020,231.4,173.0,171.70031906191178,4,2470,591.0,907.6199999999953
imdb,val,7480,230.44652406417111,173.0,169.40184189884127,8,1263,588.0,899.21
imdb,test,7500,230.73053333333334,174.0,171.590076794616,6,1830,585.0499999999993,917.0
